{
    "VIA GIARDINO S.N.C., POGGIO NATIVO, 02030": [
        42.2164285,
        12.7973399
    ],
    "VIA PORTA ROMANA 113, POGGIO NATIVO, 02030": [
        42.223613,
        12.772677
    ],
    "VIA OBERDAN 21, POGGIO NATIVO, 02030": [
        42.2171898,
        12.7969981
    ],
    "VIA ARCHIPIGLIONE, POGGIO NATIVO, 02030": [
        42.2001772,
        12.7981105
    ],
    "Localit\u00e0 Piscina POSTA FIBRENO": [
        41.6900881,
        13.6945091
    ],
    "Via Cina, 1 POSTA FIBRENO": [
        41.6900881,
        13.6945091
    ],
    "Via Camminate, 2 POSTA FIBRENO": [
        41.6935772,
        13.6756425
    ],
    "VIA TAGLIATA 49, POSTA FIBRENO, 03030": [
        41.69472349999999,
        13.6984619
    ],
    "VIA BOLOGNA 3, ALBANO LAZIALE, 00041": [
        41.7247879,
        12.6111444
    ],
    "VIA CASTRO PRETORIO 1, ALBANO LAZIALE, 00041": [
        41.7290851,
        12.6606392
    ],
    "VIA RISORGIMENTO 131, ALBANO LAZIALE, 00041": [
        41.7251056,
        12.6640737
    ],
    "VIA ROSSINI ,14 A, ALBANO LAZIALE, 00041": [
        41.7260069,
        12.6551715
    ],
    "CORSO G. MATTEOTTI 69, ALBANO LAZIALE, 00041": [
        41.730166,
        12.657328
    ],
    "VIALE RISORGIMENTO, 61, ALBANO LAZIALE, 00041": [
        41.7256861,
        12.6629558
    ],
    "VIA PARCO DELLA RIMEMBRANZA 12, ALBANO LAZIALE, 00041": [
        41.7283968,
        12.6565187
    ],
    "VIA A. SAFFI 121, ALBANO LAZIALE, 00041": [
        41.7313481,
        12.6615677
    ],
    "VIA CELLOMAIO 29, ALBANO LAZIALE, 00041": [
        41.7287964,
        12.6579241
    ],
    "VIA POMPEO MAGNO 24, ALBANO LAZIALE, 00041": [
        41.7283331,
        12.6556043
    ],
    "VIA LEGIONE PARTICA 11, ALBANO LAZIALE, 00041": [
        41.72898319999999,
        12.6626255
    ],
    "CORSO MATTEOTTI 146, ALBANO LAZIALE, 00041": [
        41.7280933,
        12.6592265
    ],
    "VIA NETTUNENSE 123, ALBANO LAZIALE, 00041": [
        41.7472534,
        12.6186142
    ],
    "VIA TOR PALUZZI 6 - CECCHINA, ALBANO LAZIALE, 00041": [
        41.6969886,
        12.6490856
    ],
    "VICOLO DEL MONTANO 1, ALBANO LAZIALE, 00041": [
        41.7284868,
        12.6588224
    ],
    "VIA DON LUIGI MINZONI 8, ALBANO LAZIALE, 00041": [
        41.73069,
        12.65894
    ],
    "VIA ROMANA N.22, ANGUILLARA SABAZIA, 00061": [
        42.0908966,
        12.272934
    ],
    "VIA ANGUILLARESE 78 PIANO TERRA INT.B, ANGUILLARA SABAZIA, 00061": [
        42.0711648,
        12.2907637
    ],
    "VIA ANGUILLARESE N.66/M, ANGUILLARA SABAZIA, 00061": [
        42.0729186,
        12.2904259
    ],
    "LARGO MARIA FELICE N.4, ANGUILLARA SABAZIA, 00061": [
        42.072114,
        12.2944926
    ],
    "VIA TREVIGNANESE 1, ANGUILLARA SABAZIA, 00061": [
        42.0958496,
        12.279659
    ],
    "DEI GELSI 2A, ANGUILLARA SABAZIA, 00061": [
        42.0780666,
        12.2662372
    ],
    "VIA ANGUILLARESE N.66, ANGUILLARA SABAZIA, 00061": [
        42.0729186,
        12.2904259
    ],
    "VIA PONTE VALLE TRAVE N.6, ANGUILLARA SABAZIA, 00061": [
        42.0837527,
        12.2848261
    ],
    "PIAZZA SAN FRANCESCO N.3, ANGUILLARA SABAZIA, 00061": [
        42.0899187,
        12.2720029
    ],
    "VIA A. FLEMING, 30, ARTENA, 00031": [
        41.7428743,
        12.9111978
    ],
    "VIA DI VITTORIO 68, ARTENA, 00031": [
        41.74326019999999,
        12.9125383
    ],
    "PIAZZA GALILEO GALILEI N. 29, ARTENA, 00031": [
        41.7416004,
        12.9135601
    ],
    "VIALE 1\u00b0 MAGGIO 32, ARTENA, 00031": [
        41.7425065,
        12.9118145
    ],
    "VIA A. FLEMING 24, ARTENA, 00031": [
        41.742992,
        12.9114524
    ],
    "PIAZZA DELL`UNIONE 2, ARTENA, 00031": [
        41.7422344,
        12.9125287
    ],
    "VIA LUIGI DOMENICI N.10, BRACCIANO, 00062": [
        42.1022136,
        12.1726035
    ],
    "VIA ARAZZARIA 20, BRACCIANO, 00062": [
        42.10352959999999,
        12.1777695
    ],
    "VIA DELLE PALME N.5/C, BRACCIANO, 00062": [
        42.0994427,
        12.1561059
    ],
    "VIA ODESCALCHI N.14, BRACCIANO, 00062": [
        42.1029886,
        12.1741459
    ],
    "PRINCIPE DI NAPOLI 129 A, BRACCIANO, 00062": [
        42.0992287,
        12.1695259
    ]
}